CUSTOMER_ID,CLIENT_NAME,VERTICAL
b638e3672b2628e1339555aa4a542b5e,Mostly Cosmic Leech,Energy
b6576e9bf3e444b45259becf3b7e9308,Clever Walrus,Aerospace
b71a6c640d433f21f2ae179b1095e338,Merely Fun Chow,Automotive
b7cc6c00a23fcb5a0e12332a6ec2cb0b,Mildly Nice Goose,Overseas Agent Partner
b87007b4a8407d5909106cb194d0338a,Humbly Barely Fun Hen,Automotive
b8eea044eb3255e623ad2539754b1aa0,First Cicada,Government
b91d2969fe4e7c00cbafe68a03d45e60,Bold Aphid,Industrial
b93c400f6e4f9db9034f5544050a6ce6,Widely Tight Robin,Energy
bb3505d5cefb2bf25f60935403a6c146,Alert Wasp,Industrial
bb4a30af0f441d76b4f144087be87836,Openly Moving Swine,Life Science
bb5aa9b72052a7d65769dc8490717fdb,Deadly Moved Elk,HiTech
bc2130fbe536f6ac757629071db2faf8,Solid Slug,Retail
bd58925e0168eb52aa1cad3eee0394ca,Mature Eagle,Life Science
bd9d7ace62a6ed2123619721f44be564,Nicely Pumped Bedbug,Energy
bdeef3d458c4b48b87515e2eaaf8144a,Social Caiman,Retail
bf3be24bb9d861085f42c140248fbec7,Mostly Lately Key Racer,Aerospace
bfb547554c043358e186b61d0488cb64,Civil Ibex,Life Science
c099ad01787fe10b27127466e4b8f138,Boss Cub,Industrial
c0c17471e74cbb12e5e8b2c691d2c3c4,Truly Highly Prompt Bengal,Industrial
61c3e2f28f60c7fd7f879dd19e9a22ff,Loudly Steady Bee,Industrial
61ed6f556d6ada400fb90028728276e6,Duly Namely Wise Trout,Industrial
62ee514ecc461f67bf1bbb4ea1ca39c0,Deeply Ace Oryx,Industrial
649bc6f5d2f053b0df375dcaaa28c524,Jolly Square Boar,Industrial
6602f3717eb0219f621ba9fd012c2c63,Better Moray,Industrial
67149877451413154dc48fb77fa5fa36,Decent Joey,Industrial
67bdfb42be65d106dd5d29c308839502,Lovely Next Whale,Retail
68c19932eafd1e85f1b10c852e3ff2ac,Merely Viable Tapir,Energy
694d1614acd7a2bc65ca226f2d4854f6,Jolly Lively Modern Finch,Industrial
6aefbfa0a6d7e6bbc4c41f8822fccc3e,Up Elf,Industrial
6b8e6297745a36a6d21fd2f467df3cfd,Jolly Yearly Frank Gibbon,Retail
6bad3ca5ed1d2938d05519d1b1f1a28e,Caring Swan,Automotive
6d4887af5fe01c217c96c7279c14d52d,Rarely Tight Drum,Energy
6ff02024d826ba52ae8617491f4d0d12,Firmly Surely Native Puma,Industrial
702bcb433602f1d96ff527cb3fbed3b4,Highly Yearly Superb Seal,Industrial
704f621b96572f5bf5239f47a2471283,Vastly Safely Intent Kit,Retail
72c6d0d6959bc720bd5c4b1a162e7c1c,Neatly Funny Panda,"Cruise, Marine and Hospitality"
73cf6ec995b1f90443d8d4e619a23a43,Mature Koala,Retail
740e3b25a5e2fb4793b241930d712144,Brave Newt,Industrial
745b0a4c207e30221edcd60044e20c91,Joint Alpaca,Industrial
750e870379739c779fbfc0938f8e7d06,Rested Oriole,Industrial
765727dee982cf6659fdfb29ec6bf6f9,Newly Polite Fowl,Industrial
769c1cc9fb2bfd3b05babc8aadbdd32c,Neat Minnow,Industrial
77272b777a9f0c0d6f94e0fa1be5d3ad,Weekly Enough Cicada,Industrial
774bc8a646046f1def5a255c8518a6dd,Kindly Awake Yak,Doc Turnover
774ef8b50e793362c779f56a5a53a997,Loudly Newly Fun Lynx,Industrial
777a32221072eee8fcdef5ddcb08372f,Only Nearby Joey,Retail
77c3a33bc334e00c4d57536653ccfc78,New Tarpon,Energy
79425abe5f077b561f819b3fd040480e,Fairly Mainly Funny Cow,Doc Turnover
7a52843942a56b535dca208713210836,Alive Raven,Overseas Agent Partner
7c096da194aa580c6018d5e1ae31b3bf,One Dingo,Industrial
7c2bcc5f11c98d67f1b982bf6195e494,Truly Lively Moved Mullet,HiTech
7c9491d655fffe982d42dae617a119b0,Fairly Namely Warm Mullet,Retail
7e86d87b9b8b122e5da88166fa980f43,Secure Mammal,Automotive
7f3de7a63de3ffdbfcb5831d72b9d3e0,Widely Unduly Epic Wolf,Energy
7fa04a4647b618451009c6252f1ce581,Hardly Newly Clean Stud,Industrial
7fc6d1f50376a9934a33a721a0ba9040,Solely Vastly Real Boa,Automotive
3fd4fbad1b832c692e2b01b6b4fa1921,Partly Usable Marlin,Industrial
40140f15a7dd883a024619a6fc7e5a24,Tidy Corgi,Energy
413b0b8a7e54936a1334e28b2bf94a2e,Moral Insect,Retail
4169d9d0ef08ebe59448cac82bceae52,Ruling Cod,Industrial
42b3f3e4b8921159519121015b23cd82,Unduly Really Happy Yak,Aerospace
4321981f7a85cdc4243137aca10fa98a,Daily Suited Fox,Industrial
439df06fff85e7feb7adadb624311ecb,Smart Leech,Industrial
440a0c4c08af78bc1e2d18d3c55836e3,Light Hound,Industrial
444fa7f3e7ae31b0a525342276caa04b,Deeply Solely Worthy Dodo,Automotive
4462f97e3052df931cbbc6fc593a9e47,Expert Newt,Industrial
4611533cf79a859f08304d42938df415,Rich Lab,Industrial
464e241594a8ec267110e73453c859d2,Gladly Mostly Social Roughy,Industrial
4698d167ae84545851f41b721b8f47cc,Yearly Safely Sought Badger,Industrial
4718911e43c20de0ab82dc7e7844454d,Lately Noted Insect,HiTech
476d017467a1110002f8d15ba7130bda,Poetic Wasp,Industrial
f30576ece98ccb8899968512ce1eedb9,Mainly Partly Saved Buck,Energy
f4549e4f784341ac2f67077e82c86cff,Useful Owl,Industrial
f476a38157147d58b6bcdc2c18229acb,Mostly Amused Serval,Life Science
f49643b110606ba136ec1e56361055eb,Suited Deer,Aerospace
f51e3a46eca8bcb58049c3c44ccc6e11,Surely Big Ocelot,Overseas Agent Partner
f548731cb756d80dc1a2bb5994301070,Exotic Deer,Retail
f58817edf07df4abed54534c1ef726e7,Solely Rare Raven,Retail
f614548e0e2c86011d76e4b9f2bd4f3f,Evenly Gladly Wise Emu,Overseas Agent Partner
f6c2cc97fec01fd879bf52a367b5850d,Openly Superb Badger,Industrial
f848fb2a83ab4f0662c77ca4b9658dce,Rested Moth,Retail
f95506c9e8695d3ef2083f52b85f8559,Apt Dodo,N\A
fb6b189a93da26cd425801896e5d34c8,Freely Widely Sunny Kite,Industrial
fbf11c61c8a78010d4cf47714be8560f,Close Goose,HiTech
fc2aa5a53ea50bcc46e509286abeb5d5,Lively Simply Modest Prawn,Industrial
fc3580dcc171954141cd1ecf8a78259c,Unique Badger,Industrial
fc7b90b9dd16eee56a46bc71a0850b3e,Pro Koi,Industrial
ff3833cbf15587afe3b277403e04f2a3,Humbly Fine Drum,Industrial
ff6a37d297d68c29da51e794bd59e5b9,First Tapir,Automotive
c1c5fc17878a9eaa70fe1c18bcb0c762,Bold Iguana,Energy
c2662db42cad41553ae0ee7b8ba53512,Merely Partly Legal Stork,HiTech
c308ff54cd18c0e38b7af8de4719109f,Namely Fairly Rested Yak,Retail
c34a5dd6b8cb60ff0ed683bd7b9b3841,Oddly Wired Goblin,Industrial
c3bc72e35a1fe944afaf191745424d35,Likely Upward Tiger,Automotive
c3d58ed9b5a6adcab5d4c2f50159588e,Noble Hare,Retail
c3e9956e99acd43997a2b6ccf2049b73,Deadly More Eft,HiTech
c498ad3779ce38b58b04a54ca4ede3bc,Causal Kit,Industrial
c4d5c3cfc8f83d5455619d2d085b277e,Purely Novel Goose,Retail
c4e73202975c2e37442eeb9b8cb3c9a5,Mostly In Boar,Industrial
c4f7b12c872a02d61037e8503cd36ef7,Freely Star Leech,Automotive
c5de1dd18d09cc1f36ec468b25540614,Highly Subtly Right Hawk,Industrial
c7413ea8d5874e53b62cd2eb339383bd,Firmly United Alien,Energy
c76ebd7c1040e64790581773c49462d6,Humane Wren,Industrial
c7b939a9d5278a62f86928abe5e15e20,Deeply Key Gar,Energy
c7eacfad19fb4b3423f9827668f00358,Purely Valued Slug,Industrial
c84d8a6fa50af46fb0c5fe083244388d,Humbly Slowly Ideal Mako,Energy
c9de820d0ad0631c6be0600200d33500,Saved Stag,Industrial
caaa84ea20829681a70a3ed7bd5b7078,Overly Overly Just Zebra,HiTech
cabd9a57997420cef0b6b44804b9dc8c,Loudly Mint Hare,HiTech
cc8f34e0d65e59884336d12475c33776,Humbly Openly Humane Ape,Industrial
cd59ad3545e52230d921d0398f7da5d5,Weekly Right Impala,Industrial
cd6fd3d2927e9b932d0d7b3c1b5ad9e1,Tender Piglet,Energy
cdb6533b3a430a1b9c139cb120e77fd5,Mainly Famous Magpie,Automotive
cdbe3903767ce0ae13f195ca79f28144,Easily Lively Epic Maggot,Industrial
ceaf7d21ac92a4cec9bb49bd1d9e721a,Sweet Cub,Energy
cf41322b5d7b925521d3cb979130f3b4,Highly Moved Rhino,Retail
cf81c30808f218c9c02d40130e69f60a,Wired Civet,Energy
cfa83bfb16f35a54745f86c72178fd84,Exact Owl,Retail
cffa184bd55f67272b753e367c3d22e0,Purely Gladly Decent Drum,Industrial
d07b8dbcef9899235abc07f8c3e8d971,Subtly Namely Tender Bengal,Retail
d10f3c00e9358dc775484bbc8b5fb3b7,Fond Mole,Industrial
d19a8442c2e0231f5abd98eaf557b4bc,Overly Top Bird,FMCG
d223a2ad2de9547c0d70e819bec470ce,Duly Slowly Mature Dog,Life Science
d3a401d3d520a615dfd774d073449e42,Vastly Grand Ape,Industrial
d3dfab2bfae04e777a4de7e8923c59b3,Nearly Sacred Crow,Retail
d5713828286b6d59d3eb66ba58c5b292,Newly Large Swine,Industrial
d5b161f9836ba570b61fa49fbb0369aa,Surely Clean Tapir,Government
d723a5dc82c01e045b8f185fb20581cc,Good Monkey,Energy
d73535b534e49fddd1afe6e526595015,Poorly Ruling Impala,HiTech
d8931580998e6b80bd24797928fc992b,Unduly On Asp,Life Science
d93cfb6f668ed1c6aba356c1da048307,Sadly Subtly Fun Mole,Retail
da1589adb490b067d830e5a214092af1,Nearly Yearly Poetic Troll,Retail
da9c3f65402957d7bd7f5b3ad1bb52e4,Sadly Unduly Great Foal,Industrial
dbfc84d8afcd1b546bb1608babcf7ac7,Amused Moray,Industrial
dc2fac50cd0d7944fce3df9a72df7750,Jolly Modern Weasel,HiTech
dcc47f7391c3ebf21d81203b7848c9bd,Calm Cicada,Industrial
de83d57515e2dc433c7c89d79d6652c7,Kindly Merry Puma,Life Science
df270c2c532c1594db05b45e3774dcc5,Clean Zebra,Industrial
1fe9c253f90f5e52d11ef1717f998b90,Daily Mainly Equal Llama,Overseas Agent Partner
2015789236e4f462b6c5019b53ba34d2,First Walrus,Industrial
2043057bf90c826ef65471cc8a5205f9,Really Daring Badger,Industrial
21919c6ed7cb514f0be701d2f9b33cc8,Loyal Worm,Industrial
21dc26f068b3c2ff9fa61941afef0436,Safely Neat Turkey,Government
234540b7d0192476a2a722333f5eaa2f,Useful Muskox,Industrial
2384527baedcc52e26401b2de18af31a,Neatly Big Boa,Automotive
23db88f0e35fb004e616fb25620920d2,Daily Joint Pug,Overseas Agent Partner
2470a28aa313473a49fdccfa13993137,Barely Helped Ferret,Industrial
24e6dd5461af711e9008b996b713a024,Nearly Novel Fowl,Retail
25651ec1c3d0e386170f429e936e0ce7,Fresh Sheep,Industrial
26d6d549d26806a6186b16c2abbe6ab7,Merely Solely Quiet Kite,Automotive
26ef8650b3fc1c2dd305f563a9cbce5d,Deadly Daring Deer,Overseas Agent Partner
290bb67fedb792f1dac4d0fd992d6b6b,Flying Eel,Automotive
29107bad945705ee3127c7c4255202e3,Above Gecko,Industrial
2a406550f44ddeeafda73e2a5380c590,Deadly Rarely Driven Flea,HiTech
2a63f09a46e62e00208eefc50522accd,Slowly Highly Amazed Stag,Industrial
2afeb0369e21981881194f57625002ff,Flying Skink,Energy
2e0fcd658c9166f7de998843fa54374f,Oddly Fair Poodle,Industrial
2e8a175fc1755896446e1535add4a3a6,Hugely Gladly Top Orca,Industrial
2f0d07b0426f7ff8091a117e642d35d6,Loved Hog,HiTech
2f14c8e433390da725f1fe6ed8e07700,Weekly Active Guinea,Industrial
2f3e13bcfed542abbf74ed55b91fe5d1,Easily Barely Neat Mule,Industrial
2fe0258adf71dc33e3626eedf3db014e,Hugely Evenly Alive Shad,Life Science
308d185b1ff79c4122d9150c14574ccd,Daily Choice Spider,Industrial
30ea3730802a1181e6e6248927ff26b4,Loving Worm,Industrial
3107ddc280df3b4a17c81ced7cbc45c6,Easily Lovely Hardy Fawn,Retail
3183302940d85e60e32e315209e52fd6,Safe Marten,Life Science
346d3d6cbaf95176e8d36efd83205c66,Safely Vastly Fair Earwig,Industrial
347a7a5727a0d722217debfb50c340f2,Lovely Wise Kodiak,Retail
34af95334db5af7688f9e7d3bb6181f4,Expert Martin,Automotive
357f334df699f0e2da538ad202aa84bf,Fully Light Crab,Retail
358432a74a8b48499e31e1932797b753,Saving Tuna,Industrial
379a6ece4433d56cdd9d244b629e9873,Daily Intent Ray,Industrial
388ad24b3d4c9502a5e4aa39c7383abc,Firmly In Dragon,Automotive
389046e87491a108202e89f88779fcca,Mature Duck,Life Science
397799133cf79a188591c6f09e6aaaf5,Rarely Mainly Clear Oyster,Life Science
3b8c4656165bc457ce7b81507b7baa4b,Merely Hugely Daring Pig,Retail
3d7a92c7634b18645359a39977ed70fd,Lately Hugely Novel Quail,Industrial
3d87e9fc82faa0c770ff535f96f83f7e,Famous Thrush,Government
3e15014f73ecb72e33c2dddb90f1f3f2,Freely Ruling Ray,Retail
3f0d9d0e9a5bd2666b65088d70cadba8,Widely Duly Fond Fish,Industrial
3f2f91228b258c4455616997a2c1942a,Deeply Prompt Parrot,Automotive
a11654d9eae4a3672a2ff65e575b3ec0,Deeply Stable Wasp,Automotive
a18e644b706e06d83c3c858a567784d9,Wholly Crisp Tiger,Doc Turnover
a4c8f1694ae1bb4779217120aee52f91,Poorly Hugely Rapid Kitten,Life Science
a5b65f1f7105505b49235e15defe2640,Openly Duly Pro Flea,Industrial
a5e8d3d7243ced892f7f787d3d83a520,Hugely Normal Colt,HiTech
a65038b948d4da39972c37b050081b3e,Steady Sheep,Industrial
a87a7dd9b815b8cf1d4814d94a8f7725,Barely Quick Hermit,Energy
aad7c68f05c40452f1ca2b5a6b148a10,Neatly Legal Gannet,Automotive
acce985fff197b7ca4419b5b45019f17,Widely Nearby Ocelot,Energy
ada8490b8d7922e060017ce05f0be7c7,Hardly Sadly Lucky Coyote,"Cruise, Marine and Hospitality"
ae3a9c90e4dc3abb1e649e30da3ac5a3,Noted Kit,Life Science
aec8e43e25a955d858ea8b1015d500c8,Deeply Viable Caiman,Overseas Agent Partner
aeef297d610a7a6955bc868a91e09cf8,Enough Aphid,Industrial
aefc2184377fffa6ff1a8f7c84d1f5c4,Chief Hawk,Aerospace
b282c00e65dd598bfc9336c9d667fb93,Deeply Openly Fair Bengal,Automotive
b3922fdeeb421d796c868f487e6e1748,Fairly Pretty Shark,Retail
b434c6556e47381f58165966db210412,Fit Kit,Doc Turnover
b4e638e855da30f71197214865002bc3,Neat Robin,Industrial
49ae7ca82ac818ce8f69bca6b25fa1a7,Cool Moth,Life Science
4ad74a0a96a69305b7c99071470f3d71,Firmly Hugely Full Hound,HiTech
4b220151d700c192e748a08d576a2f16,Openly Bold Hermit,Industrial
4c7fd252173ce1b4faf6c7018ba34191,Only Proud Kitten,Automotive
4dc45f0d7013107460435c7966f8b6b5,Fully Able Koala,HiTech
4f325f74a17809ece98c0bd393c61f73,Evenly Hugely Pretty Crane,Industrial
4fb4fbc27000bb9719e8f737f8131d08,Really Gladly Viable Eagle,Retail
5094d212b2125b3bc207a778de53e88c,Weekly Gladly Next Yeti,Industrial
50ce59e8dba32ebc7ce00472305b0b08,Slowly Sweet Tapir,Energy
52ee9a0cdc0be503197642857478f759,Honest Satyr,Industrial
52fc9853d5715f0fdfd0bdc5f32e9224,Fully Daily Top Turkey,Industrial
530ce116d21435cf179cefeeef4d1e4a,Frank Gecko,Doc Turnover
53fd3577ef655dafadf1b6d3daacfb12,Above Panda,Energy
560914d9416caea351a1f580d0102853,Mainly Poorly Main Cobra,Energy
56f081bf9f2f3eb2d274c6b6c8f1ff35,Set Mite,Energy
578d5b5829971d83fe98b721f3892191,Hardly Really Nearby Koala,Retail
58a3be4e50f01ea4ff8f1352bc22bb7b,Yearly Good Bull,Retail
58ec1e24fed371856c6820179d0247fe,Master Pika,Automotive
59204dffb327254740b1a02f8e1a1d7b,Deadly Namely Choice Minnow,Retail
5935517f9aee06cab257a04f3430b493,Openly Badly Prompt Kodiak,Retail
598c8a0b4240544259a8a9798ed51033,Jolly Lively Main Cat,Industrial
5ae7e08ec02c7eacc71d3b4b95533580,Valid Ape,Automotive
5e793133464e120a9cd831fd50447294,Lively Busy Trout,Retail
5eb6ed08c8284fd964fb986d8583a40b,Oddly Neat Teal,Government
60213c043aadeac6bb0dfbd22991e6b3,Giving Tuna,Industrial
612c414d4adc3462f7120a7cf756129c,Gladly Firmly Simple Glider,"Cruise, Marine and Hospitality"
00514b503466d18927d895e5df7882c3,Choice Bull,Industrial
020f8697ea8fc7e245eef2bb3d3bcbeb,Ample Bear,Retail
02c30472dd9a213648eb97a9433ab1b8,Neatly Needed Dog,Aerospace
04f1acbf658e43e748c04b8377954c19,Openly Equal Kit,Industrial
058f9f282970c48b683a9fb584e918d9,Gladly Sharp Tapir,Industrial
05e29dba79e334e63bc70e854727bd82,Divine Swift,HiTech
076a0a7d3037910bd9b20152985cd6ea,Safely Many Raptor,Energy
08dffc47092c4ebfa3a0efb96ac3ac55,Still Jay,Industrial
09b530af0eaf5f515a41721646365cc9,Early Clever Weasel,Retail
09f8bd65134add1a622b478a7902a467,Wholly Comic Caiman,Industrial
0b59c16f9f448142c6e6cf1719cbf57a,Firmly Early Fleet Jennet,Retail
0d886610713fad66b00ae51ec4949943,Daily Fair Krill,Industrial
0f25bdae9ab9493ffc472b243a106262,Vastly Fairly Modern Joey,Industrial
0f8ae9fca803b347aa45c0ab12cde777,Wildly Solely Calm Tetra,Industrial
116e8aace91f5e2c2744d8eb18b5a987,Likely Loved Baboon,Industrial
12525cfab1d585f94c1efc3dd34610bc,Brief Dog,Industrial
133ca420b3f3e07ca37817ff41c4ab13,Light Tahr,Industrial
136a4ee7704147ec5970665082286563,Fond Marten,Retail
138baabf2c8490bbad3342484030e0bb,Nicely Robust Stork,Industrial
14b5dcf9c7d841b20ce11d9ee3b225bb,Newly Subtly Whole Falcon,Industrial
14d25213dbe1874864ac1599bc1a5199,Mighty Sponge,Energy
164a506ece2e527a91015fdc0aba431d,Evenly Boss Bug,Energy
165016b381f0ea9c08e68e06acfc84d1,Slowly Loyal Yeti,N\A
16ad4c3ebebbd934540e383cb940cfbf,Humbly Mature Oryx,Industrial
182e160fb9808e58e6aba82e8e29fd5b,Unduly Worthy Bee,HiTech
1a0415483235ef303f2acd9357d07bac,Hugely Guided Louse,Industrial
1a2c51d24cd0b30f7d8f6f1f7e98cb5b,Surely Easily Many Ibex,Automotive
1a5013c107c238c98fdeed8f9e409268,Subtly Set Kitten,Industrial
1ba94dbfe6d4938b2d34c25a40c4947e,Duly Still Guppy,Aerospace
1cfe638c8017fb01e9db80667b1cd18f,Evenly Simply Steady Liger,Automotive
813a749fcc0d31838ffb717a685de432,Nearly Ace Frog,Retail
83ab82e4bc7b2234e0758ceb5b2d1081,Wildly Jolly Sunny Raptor,Industrial
88cfe3dad56594bdad1153348ba0c793,Poorly Partly Large Rodent,Retail
8a4a3a7b5ec5d716af18a997f2db8eb8,Vast Lab,Industrial
8b86656d1bba59820ea02d7ec9a7c1b3,Easily Partly Sacred Magpie,Industrial
8b91361323266cc34320b5cd4bdd61dc,Game Ape,Industrial
8ba68d92042dc7e89e0c37c2a2078ac1,Direct Pony,HiTech
8bbed8658d9a68786b17c0b43abb6192,Lovely Superb Wasp,Industrial
8c7e6cbbb3da873835597196e7cc1fd0,Surely Gently Amazed Pony,Industrial
8f6b548b89f12783c134cde95e38de98,Widely Wanted Iguana,Industrial
8ffd0d9085b690b7e20cec515d1222b0,Direct Orca,Retail
9140dc0664f5c494fac8ee0742650b83,Expert Rat,Automotive
91c9a792002957c9842c669f3f70c53e,Poorly Whole Bison,Industrial
9226de99fc40d5c42213f612add756e9,Proven Jennet,Energy
92fc181706a74e5e08975cb0d2bda6e5,Really Master Teal,Industrial
9589a28078a5147b688f1c2773792a60,Only Ideal Feline,Energy
966f3597a185ccb71065d626bc9a39d5,Merry Gibbon,Aerospace
9721f648e83f7cc56ef5002afe97dea1,Gently Lovely Main Akita,Life Science
987dcc705b393f39326b2c2820050bf6,Firmly Gladly Awake Beagle,Retail
995a338ea2f03aec088855d435d07e62,Ample Mule,HiTech
99f271aa0ceda48002adcc36cbdc2d37,Fun Liger,Industrial
9a316e1f6195e0fee8c9bea6ebb0f334,Gladly Pumped Falcon,Retail
9b2732e5fb1fb2554303819059e015b9,Safely Purely Choice Poodle,Retail
9b95a9b35883b9f1810b2b0c7176d2aa,Subtly Nearly Warm Liger,Automotive
9c39e0ac283258f6a222340d713cfedb,Merry Hippo,Industrial
9c5fa71f162da4dcfb9376028f2d5360,Fairly Highly Modern Hound,Industrial
9c666c14c4b9f047c0d5d9b1f9735735,Likely Nice Krill,Industrial
9db79eede2e79d362f271d4609a0906e,Openly Major Crow,Industrial
9e056db54160ab2e38eb454786b60938,Unduly Comic Ocelot,Life Science
9ebbfbdf690b7090e3fafc8c6aa168e4,Widely Rarely Dear Bunny,Energy
9f4e9430923e12d01030c96d1f5d4825,Lucky Tiger,Retail
a029daebbe05daa4f87c517833baf239,Lucky Ant,Aerospace
dfa157cf1cf29bbebef69c80ac8434b7,Only Gently Brave Bedbug,Energy
dfe4ededc50c59b1720a7d1a1ab45eaa,Equal Monkey,Industrial
e039096a343881b0c259061abe4175cd,Mostly Full Moose,Industrial
e0ef165d781c5fc527f3c1ccd122d8b7,Deeply Slowly Kind Bug,Automotive
e1966ea4b7919734879b7333be173025,Deeply Vast Racer,Energy
e1ab39a3239651a91ca397aed68a810e,Loudly Pet Lark,Industrial
e223227a050f1e39b3c794772d5855ee,Firmly Wildly Keen Corgi,Life Science
e240e824efad5f28fe71c69a47982e89,Nice Ox,Industrial
e4072a348e216b19e4d33fea79b5a194,Sweet Sawfly,Energy
e421e5904499cc8fd6bb9b0070a2d5dd,Quiet Imp,Industrial
e49369b5bfbc6f0eb50cce054d766408,Hugely Nearby Badger,Energy
e5a262d52e9a86132ef4f4515f18e88a,Sought Ray,Life Science
e5cd4cc962e77950df77a883bb5ed90d,Easily Light Lamb,Industrial
e6d54fadb95c6faf03aa8ae3f3ba6de4,Solid Imp,Retail
e73912f7b30cd192ba367fad4270ca02,Truly Easily Full Ewe,"Cruise, Marine and Hospitality"
e7746b0ba9c4e3187f765f68dee92c95,Lively Mildly Crisp Parrot,Industrial
e7805c4fc1ad04dcd3d6335c47fef327,Nearly Purely Top Orca,Industrial
e7b03d4520046cc4dfc6b57a175ab707,Lovely Witty Burro,Retail
e8458736409e6d61117b217a5f98dd83,Honest Akita,Retail
e900e3d4bcc64c808de7c38413508317,Smooth Mouse,HiTech
e95346d65e30070e12f6080615f65f42,Sadly Humbly Alive Bengal,Aerospace
e9b6b61d0e250e6dd069520f83862c01,Neat Whale,Industrial
eaa845850fda80bde9c0a753a67cb329,Newly Deadly Superb Crow,Energy
ec3430fe563e787c433584b6e26f73fa,Pet Tick,Overseas Agent Partner
ec96078b270336c967b2576cdcb001f3,Exotic Marmot,"Cruise, Marine and Hospitality"
ecb1cfc6a129db4a984f84b7e1a8b570,Firmly Noted Dog,Retail
edb56ccbcfe0cccbb2d2796b5c8c601f,Sadly Mildly Casual Osprey,Retail
efc6aa5d6e0b14c9ba862a0a00c955a3,Badly Wise Squid,Retail
efe60ffc73310ecdd9d3bd7e3f486c19,Warm Coyote,Retail
f04dc5181cc292ea220bcf60773259c6,Easily Gently Chief Minnow,Energy
f0f30ff1158a01087a986c5ea793b2a5,Purely Evenly Proven Dassie,Retail
1f3b24af163979523b8fbc359c99bcd9,Frank Bedbug,Energy
20c7a2558a05298148c8af94e726ac06,Fairly Model Finch,Industrial
20f9762b04fd1181706a13114aacbe09,Fine Collie,Industrial
21bdc91b0b44f1976579f46fbb9f5018,Caring Cattle,Life Science
2360b43759a2b06498809489b17f3534,Merely Mainly Stable Chimp,Industrial
248bd8d235131bf9d5589799c9429dc4,Highly Neatly Heroic Gnu,Industrial
2739a399f9e68718652d9dfc4f53f210,Simply Fair Aphid,Industrial
281db227ae543ba4a73faef65d6ee112,Real Asp,Retail
2bbe23c0e8b3f638f0f5aed4b6864513,Helped Jay,Overseas Agent Partner
2bc48048b1d38c99ef6a019a00a38110,Social Snipe,Aerospace
2c88d02f332369a2762d03e9b9a9c3d0,Vastly Hardly Liked Kite,Overseas Agent Partner
2cf58c9c196ad9b2725e957dd41c27f8,Big Mink,Industrial
2d54fda242b94551c6ba03ec62df0e47,Openly Humbly Warm Raptor,Automotive
2d592534239570fc9ac463845946f340,Truly Worthy Condor,Energy
2dd1276bd2f6bea74675f5fde1a1f70c,Next Roughy,Retail
2e4380de1ece1c703c890dd216bb653e,Whole Liger,Retail
32cb9d00c415d377e16c1d53c40f4237,Weekly Weekly Helped Ewe,Automotive
36de01df04a468f07d6b4245f768156e,Nicely Firm Bird,Industrial
3784ecc487db72a2f6573b10700f378a,Famous Osprey,HiTech
393a0c458e00f75a543edc0d87778143,Easily Slowly Driven Quail,Industrial
3c00ac39529e2a84b9e235c10ef69b52,Fluent Tarpon,Industrial
3cc73faacbf55bafd39493adaba7dbed,Dear Beagle,Retail
3d872703bc1e4c4b7d609606dd6b38de,Still Goose,HiTech
a068008499aa6f9a1b40cdd4944ccc1d,Star Marten,Industrial
a115504192ca2c9ae76fb089ab4d5536,Partly Proud Liger,Retail
a16fa6b9a88df5d3edabe9a374620e23,Highly Neatly Actual Gull,Industrial
a225dd3cd42fe768bc83437727546770,Lucky Glider,Overseas Agent Partner
a27444e0e4267c12cec497297be65b39,Newly Partly Square Pika,Industrial
a3dcc029ee1b560def5c69b82bcdb1cc,Sure Hog,Industrial
a55909f537f416997bbf8f1e779f4281,Truly Nicely Sharp Serval,Industrial
a6a421c45c0f56ef494b03bfc1cdba97,Amused Drake,Industrial
a8d29bdb65c7c1f314ff2d9889e74e5f,Mainly Ready Boar,Industrial
ab03ebf867286a107e1c3bc589540650,Early Tender Wasp,Industrial
abfc146a78958321f7e3821784767773,Lovely Subtly Holy Calf,HiTech
aece93383f60b2ca4eadb7df03b87a73,Oddly Actual Beagle,HiTech
af8a4dbc898b864e235e2b312f705a31,Strong Minnow,Industrial
affda1978e5c5a94a6758f8987c98d1b,Purely Viable Impala,Energy
b27ceda087dd4bcbff5bd19451c75cf8,Cute Perch,Aerospace
b6401f412d55450e197099d116763cd5,Sound Hyena,Energy
b71ef6ed72d5ac4b3b311eb4329a9d39,Gladly Master Eel,Industrial
b916fe469e210467c402922befb7b1d1,Loudly Namely True Ghoul,Industrial
ba434106400ad82709a0f788edae8f40,Lively Highly Whole Fawn,Retail
bb46bc1f84c2f4717d227173226fe823,Duly Weekly Sweet Parrot,Energy
bbabe36b94e3a96a021ded4d60fccc74,Fairly Live Tuna,Aerospace
bbd655cac3309bf12f20b286d5304520,Deeply Only Deep Maggot,Life Science
62bea2bd4749563cd960f70fb616f2f1,Simply Guided Gibbon,Automotive
639e43ad3eb20edb50344cc84f245823,Newly Gently Many Earwig,Doc Turnover
69236117f5eaa1792ae10d0cc42e834a,Mildly Stable Impala,HiTech
6cbdebf86c7de9a8be8d9c13854f07dd,Rarely Top Dassie,HiTech
6cd8d3eb81fc80a9b7df2ed5808e8900,Yearly Useful Toucan,Retail
6fadb4642ed7e6017a05fe4708ae4b8c,Famous Yeti,Life Science
6fbeca8786c6bb211ef90854b02de3b2,Solely Frank Spider,Life Science
70193e5abb5ea1ab56e32ee730e1e610,Hardy Egret,Overseas Agent Partner
708da3be79bc8691d88894f0a4732dab,Safely Many Mammal,N\A
712c160e31e8f3afdfa13c32b5b7dd5e,Oddly Nearly Daring Possum,Aerospace
72929644d77dd5cafeeb99354304a7f4,Simply Picked Guppy,Industrial
75e18bd0defaf4a602b4a4018b278c3b,Native Bee,HiTech
761b746def10c081eed0ab40b1c4ae21,Merely Early Modern Lemur,Retail
77b00dcd38500f21540dcd4540ac0cc7,Rarely Openly Stable Rodent,Industrial
78926f6084fc54fafe8157d67874a923,Rarely Slowly Superb Kid,Industrial
7b76eb11c60e434b752ce473e82ec51a,Mainly Unique Marlin,Industrial
7f2b29591bc5be7eef74a0d1ee4190c4,Easily Above Viper,Retail
7f5be75064ce2bcbed2736ee3a58260e,Yearly Rich Eft,Overseas Agent Partner
80642dfdbeb7f9bf6cec83ebbffcda4d,Daily Weekly Frank Alien,Industrial
807d4a68fda4de97aeebd86a4e534417,Purely Kindly Quick Tetra,Energy
405ec9d25a8bf8de325e4982ea431263,Highly Large Gnu,Industrial
40975f2e40665e3aea822e0ba0f24ae8,Lately Worthy Shrew,Industrial
41c178d68049d77b967bcbd243188faf,Daily Lively Proper Boar,Government
428307c9478490b92c32f006d4a36626,Crack Fly,Industrial
4328a96b4be8d50f7ee1a5cccbc02e03,Loving Slug,Doc Turnover
442f6284aeed19ebde18fc224e67fb50,Robust Perch,Life Science
44335205527960f5cf79c1d2416c6422,Finer Husky,Industrial
44c4f60da5c9f7f98bf2d927a8d2eacf,Hugely Poorly Sure Fish,Government
45990622a2863029631bbd047b35ff01,Badly Needed Jaguar,HiTech
45d1b9576a1302ab3fb057b3cba3288f,Really Select Imp,Industrial
4630f92e2108ac6453bf1f31aecc56ad,Firm Monkey,Doc Turnover
4791e25959cfe81c5ed233a235410cc5,Light Hare,N\A
47f02e2586e18bd3dcaea7612352b2c3,Quiet Robin,Overseas Agent Partner
49821fdd0943d59b7f6f0da1d6b12af4,Highly Loudly Calm Deer,Industrial
4a7561dedefa37ab47ab7a1f2e3b82e2,Pretty Racer,Retail
4cb9ac3950c4ff8fdc57db527e17da73,Liked Chimp,HiTech
4fd769cd1b8bb43bbd3cc7b94a162c7e,First Husky,Aerospace
50be340f4aca27579c5e7512534fdb58,Hardly Prompt Maggot,Energy
50c5b4ad9b4d59b752f6daf557984db6,Amazed Teal,Industrial
525e3eadb03d939204fb57ad45072557,Vastly Just Boxer,Energy
5303cd0cc32b936ef7b3b9497b79d798,Poorly Fancy Ghost,Industrial
546a5cfd33041bebc84a3c6566fb347b,Nearly Simple Shad,Industrial
565d274e530176cbe3cd2f0167f45038,Poorly Great Ant,Industrial
5701f9b490e390fcd4bc10a0c8af4d28,Badly Wholly Meet Civet,Industrial
5884d848c947ab79605fff8eef36e7a7,Simply Next Sloth,Retail
59b7f6e255c0a90e5fb8317fa5d5f3d6,Lately Apt Krill,Doc Turnover
59e8ba30abf549616efe84386fc4d3c9,Widely Moral Spider,Industrial
5a8cf13c87c3ae2fd592661b0d15b408,Easily Mainly United Ant,Industrial
5be28c61ab3c53e0961f71c4af9f3668,Lovely Whole Gopher,Retail
5c36b642392793bd3fe9009d083be918,Lately Good Urchin,Industrial
5ce8266757b27623f18ab526111231b6,Hardly Wired Shiner,N\A
5d795b93a7cef1998b6727f3deffb936,Sacred Tarpon,Energy
5df35e2f1e6342af781e65b3d851f6b0,Loyal Dory,Retail
5e6ae88bd3f1eeb58aae793b85d38a77,Moved Gnu,Industrial
6047e26412c3f387db89f830b9d07dd6,Barely Firm Alpaca,Overseas Agent Partner
605b2e4c109ab94c2e064af595ebf4d6,Funny Filly,Industrial
6125539ca3093bd71dc7a5b0f218a973,Openly Mint Rodent,Industrial
0174070fca8e1c9bbd347f6216bab894,First Jay,Overseas Agent Partner
04f3e5002c2079bae86d1506366d0562,Gladly Polite Goat,N\A
051f778b4c9b4bec1854012890e04d61,Unduly Useful Walrus,Retail
07a988995b9f9683c8b864f379c3e84c,Easily Namely Free Racer,Automotive
07f8c99b52a2fbc79a228fde4a11ba7e,Upward Bunny,Retail
08a43e291820347726b6347a8fe0ecc7,Humane Mouse,HiTech
0a85bba8dad9c8c5df5f42a24fa24f56,Nearly Lovely Pure Mole,Retail
0b1ae6d9957aec7069fb9d35221334f1,Early Neatly Suited Foal,Retail
0cac54f92847e2deee0fa2ca5b9648b9,Epic Ox,Overseas Agent Partner
0d3196a28da72c7dbce85df0e494c076,Safely Crisp Calf,Industrial
0f241d8b978aaefad6161b6b7391e876,In Ant,Industrial
0f8c868e499e136d33500307ac62a0f8,Sure Burro,Industrial
0f8f78eb7984ac976e81375874c90941,Sure Viper,Energy
1293d11ecbb8af9ab341d0dce83b8774,Freely Partly Apt Deer,HiTech
129c8dfdec502a466dd36268e7c430db,Duly Mature Mako,Energy
1322c792990157790dc61fa88edcaba4,Gently Funny Ram,HiTech
14055ceb19adfa365253b5594f5d4a57,Humbly Worthy Filly,Retail
143fc485a7f084cf82aa1c324d634148,Gently Eager Gnu,Energy
14db13b10000ff3ca7db3a9a594075da,Newly Tidy Zebra,Industrial
15486bc23f879e3ebd02ead9f8c001c8,Jolly Amused Colt,Retail
16a90c9cbe2400210c6d1d65e0c3a80a,Game Badger,Industrial
177f65a8549dd268349a67026d5fbcce,Duly Merely Honest Urchin,Energy
184c384efa8eca4a86cd6a17990a3be1,Jolly Super Earwig,Overseas Agent Partner
197644dffc6a910d488fd5f7fca42112,Overly New Feline,HiTech
1a6d54f0b19f2662c260fe66be155052,Badly Pet Beetle,Automotive
1cc963b6dd53bbcf9dd02ace86ddf32f,Namely Solid Wombat,Industrial
1e2911bb4ee241b0636bf9bdfc2690ac,Rarely Deeply First Swan,Industrial
823071aaf8ee73e11a6f2f55ae1bbf40,Overly Lovely Many Turtle,Industrial
8572697b41a2a3f42ae346d58c1a0b34,Unduly Flying Finch,Industrial
866437c8f52c35477e60beb856b7caaf,Lovely Kindly Apt Bass,Retail
867930f12732c961ae306e434886e830,Firmly Handy Newt,HiTech
87292a0286185f097c0efa51f847ef8a,Kindly Nicely Safe Eagle,Energy
8937daf31f26115c6bf81581ae086f99,Loudly Cosmic Crab,Industrial
8be1d58837ea4656161ee8e669cb81d3,Secure Baboon,Industrial
8e46198e06cbe8d7c08e937212b42341,Witty Hound,Energy
8f5843173663b9914691cd39ebe577bc,Yearly Duly Divine Ewe,Industrial
900a19209922f281897737ad1bc3aea5,Loved Troll,Industrial
90171a1f7d3df29cf5fe1f8ba3fddf1d,Namely Live Oryx,Retail
917fb01d7c857ab1a5b0013eeba56b30,Alive Deer,Retail
934d2bf9ea5390274c9f424636dc4c87,Surely Firmly Picked Dassie,Overseas Agent Partner
94c087057c6572d3d78488e20c0c3cee,Fairly Mildly Mighty Hen,Retail
96fec6628b6a712abcdf9b765939a81c,Loving Tomcat,Industrial
982aa7d32e9d02d239d1fa52dd6b8ae6,United Hound,Industrial
9960d35e8d5df060f3527831a1672ede,Full Tahr,Overseas Agent Partner
9c11ba65a311b8cb759565f003061c5f,Yearly Only Light Hare,Energy
9c377033b18747b6b06ec05a1c0878eb,Apt Flea,Overseas Agent Partner
9ec9847ea6673ed704961d6c8f62838e,Casual Minnow,Life Science
9f2fe7a0b06606f7fccddfcb67626552,Joint Jay,Retail
e06644c441d62f5b1e89fdd23e52f205,Humane Camel,Industrial
e22d556f702477045967b01bf3114140,Sure Aphid,Industrial
e5b376e353cb7993c860a59b9b761e9f,Bold Gator,Industrial
e691bb26950a0111adf99513788b7318,Rarely Awake Perch,Retail
e82031c6de354b60717118b6d81d7914,Freely Sweet Piglet,HiTech
eac170c1eb98d932bd1714365ae807ef,Worthy Hen,Energy
eb2d88edb91c74f2984aaa8319b48833,Overly Cosmic Oriole,Industrial
eb9fc2c961f781155663bf0ebe028b68,Freely Hardly Main Mammal,Retail
ee06b45f963920ad5517398d2c89765f,Hardly Neatly Clever Bengal,HiTech
ef1f8ea0514a0842c2b8cc11b4e2ba5e,Early Able Robin,Industrial
efdb48c85a48b6e4f1310d02ed39bbfb,Poorly Deep Kitten,Doc Turnover
f3512761041a68ac1243d323d209f555,Unduly Surely Polite Gar,Industrial
f42e4aa0baa7ca4f147989467f74d9b8,Yearly Glad Lamb,Energy
f4f7fd487fbd3b74588959bfffbbff5c,Loudly Mildly One Calf,Industrial
f534fd4334ef1ded3f6f9191d6952985,Golden Duck,Retail
f634a3df9918d64d4718d9933fcd66d9,Wanted Ferret,Life Science
f6724e59deb7c0946473a313eb588501,Mainly Sadly Star Robin,HiTech
f9f055d8b5b0568d95fb94a206783dfb,Subtly Partly Mighty Salmon,Energy
fb2cfa1cae5d0bb7126a76ce055bb65d,Game Swan,Retail
fc0e17cf3dec806c47a6c451c0b9449b,Vastly Nicely Expert Salmon,Aerospace
fd2657b397dee9a6dcd71b278a541917,Subtly Actual Shrimp,Industrial
fef94c5af765396a28af4e54ae30c16d,Civil Shiner,Energy
ff92fe5a06db052835b604829f646fb6,Safely Guided Fowl,Life Science
c0fefd162ac193563dda4b4ca0c11b5e,Nearly Heroic Lizard,Government
c382e9a42802d119f7ffd395a8e1cca6,Barely Namely Bright Finch,Industrial
c3e9973a436cef00dca3c6ededb413e5,Civil Moose,Retail
c582c7ddabf25938add7d66816916b11,Fully Loved Mole,Energy
c95a3736fad403863c1cfe32e334f4da,Great Foal,Industrial
c984107af791ade44e61ec034f908a42,Right Tick,Retail
cbf0e0c67ca1e4bf569b6768f6757510,Ready Loon,Industrial
cc5509866bb1e486923322b42417041a,Enough Jennet,Retail
cef99ba882a53763398ef82beed26980,Major Moth,Industrial
cf36ee5225473fc6f1def267ba9ba7ff,Wildly Humbly Huge Gator,Industrial
cfbc3fb5b953091dfee2085088bc849b,Hugely Useful Iguana,Energy
d24c5ecc1e10b687c789f75d321028c8,Newly Loudly Active Pigeon,Industrial
d2dad1df1caf160ab221a098b528eb2d,Neatly Liked Marlin,Automotive
d38a0930c5b0a382e7e73f41d543b64d,Calm Tapir,Overseas Agent Partner
d760ed69758c8cb373481aff3dd1b8f7,Duly Daily Caring Adder,Industrial
d97cd8d5732d29cd70a53eeaf6a10fff,Slowly Robust Tiger,Retail
db8f5b201b6a7604a35f455278251270,Firmly Tight Foal,Automotive
dc7bd920a8c753e1b5998d154c04441f,Sound Sheep,Industrial
dd6101e1990cf757df00b5214f229b79,United Man,Energy
ddeff98010efd23259d6042ade05bde8,Early Really Mutual Wren,Government
ddf5e8226f39815e249f21156b4d0a19,Boss Goblin,Retail
ded10885e26a1aa03184c26b850d55fc,Slowly Easily Proven Cobra,Retail
